-- Session
INSERT INTO Session (s_name, flag) VALUES ('F-23', 1);

-- Difficulty
INSERT INTO Difficulty (d_id, difficulty, number)
VALUES (1, 'Easy', 2),
       (2, 'Medium', 2),
       (3, 'Hard', 1);

-- Course
INSERT INTO Course (c_code, c_title, cr_hours, status)
VALUES ('CSC-101', 'Programming Fundamentals', 4, 'enabled'),
       ('CSC-102', 'Object Oriented Programming', 4, 'enabled'),
       ('CSC-103', 'Database Systems', 4, 'enabled'),
       ('CSC-111', 'Digital Logic Design', 3, 'enabled'),
       ('CSC-201', 'Data Structures', 4, 'enabled'),
       ('CSC-202', 'Information Security', 3, 'enabled'),
       ('CSC-203', 'Artificial Intelligence', 3, 'enabled'),
       ('CSC-204', 'Computer Networks', 3, 'enabled'),
       ('CSC-205', 'Software Engineering', 3, 'enabled'),
       ('CSC-211', 'Computer Organization & Assembly Language', 3, 'enabled'),
       ('CSC-301', 'Operating Systems', 3, 'enabled'),
       ('CSC-401', 'Analysis of Algorithms', 3, 'enabled'),
       ('CSC-498', 'Final Year Project - I', 2, 'enabled'),
       ('CSC-499', 'Final Year Project - II', 4, 'enabled'),
       ('CSE-320', 'Software Design & Architecture', 3, 'enabled'),
       ('CSE-321', 'Software Construction & Development', 3, 'enabled'),
       ('CSE-322', 'Software Project Management', 3, 'enabled'),
       ('CSE-323', 'Software Quality Engineering', 3, 'enabled'),
       ('CSE-324', 'Software Requirement Engineering', 3, 'enabled'),
       ('CSC-314', 'Parallel and Distributed Computing', 3, 'enabled'),
       ('CSC-251', 'Web Technologies', 3, 'enabled'),
       ('CSC-252', 'Advanced Programming', 3, 'enabled'),
       ('CSC-302', 'Theory os Automata', 3, 'enabled'),
       ('CSC-313', 'HCI & Computer Graphics', 3, 'enabled'),
       ('CSC-353', 'Mobile Application Development 1', 3, 'enabled'),
       ('CSE-325', 'Object Oriented Analysis & Design', 3, 'enabled'),
       ('CSE-422', 'Software Testing and Quality Assurance', 3, 'enabled'),
       ('MTH-102', 'Multivariable Calculus', 3, 'enabled'),
       ('MTH-103', 'Linear Algebra', 3, 'enabled'),
       ('SST-101', 'Probability & Statistics', 3, 'enabled'),
       ('ENG-401', 'Technical & Business Writing', 3, 'enabled'),
       ('MGT-351', 'Social Science', 3, 'enabled'),
       ('CSC-100', 'Application of Communication Technologies', 3, 'enabled'),
       ('CSC-110', 'Discrete Structures', 3, 'enabled'),
       ('MTH-101', 'Calculus and Analytic Geometry', 3, 'enabled'),
       ('ENG-102', 'Functional English', 3, 'enabled'),
       ('ENG-201', 'Expocitory Writing', 3, 'enabled'),
       ('IS-201', 'Islamic Studies', 2, 'enabled'),
       ('PHY-201', 'Applied Physics', 3, 'enabled'),
       ('SSH-301', 'Introduction to Management', 2, 'enabled'),
       ('SSH-401', 'Entrepreneurship', 2, 'enabled'),
       ('SSH-402', 'Professional Practices', 2, 'enabled'),
       ('SSH-403', 'Civics and Community Engagement', 2, 'enabled'),
       ('SSH-404', 'Ideology and Constitution of Pakistan', 2, 'enabled'),
       ('MTH-001', 'Pre-Calculus I', 3, 'enabled'),
       ('MGT-002', 'Pre-Calculus II', 3, 'enabled'),
       ('TOQ-101', 'Translation of Quran I', 1, 'enabled'),
       ('TOQ-102', 'Translation of Quran II', 1, 'enabled'),
       ('TOQ-201', 'Translation of Quran III', 1, 'enabled'),
       ('TOQ-301', 'Translation of Quran IV', 1, 'enabled');

-- Faculty
INSERT INTO Faculty (f_name, username, password, status)
VALUES ('Mr. Hamza', 'hamza@biit.com', '12345678', 'enabled'),
	   ('Mr. Zohaib', 'zohaib@biit.com', '12345678', 'enabled'),
	   ('Mr. Azhar', 'azhar@biit.com', '12345678', 'enabled'),
       ('Ms. Zer Afshan', 'zerafshan@biit.com', '12345678', 'enabled'),
       ('Ms. Sumaira', 'sumaira@biit.com', '12345678', 'enabled'),
       ('Dr. Naseer', 'naseer@biit.com', '12345678', 'enabled'),
       ('Dr. Mohsin', 'mohsin@biit.com', '12345678', 'enabled'),
       ('Ms. Iqra', 'iqra@biit.com', '12345678', 'enabled'),
       ('Mr. Sohail Adil', 'sohail@biit.com', '12345678', 'enabled'),
       ('Mr. Ghulam Haider', 'haider@biit.com', '12345678', 'enabled'),
       ('Mr. Adnan', 'adnan@biit.com', '12345678', 'enabled'),
       ('Mr. Amir', 'amir@biit.com', '12345678', 'enabled'),
       ('Mr. Ahsan', 'ahsan@biit.com', '12345678', 'enabled'),
       ('Mr. Shahid Abid', 'shahid.a@biit.com', '12345678', 'enabled'),
       ('Mr. Waqar', 'waqar@biit.com', '12345678', 'enabled'),
       ('Dr. Hassan', 'hassan@biit.com', '12345678', 'enabled'),
       ('Mr. Irfan', 'irfan@biit.com', '12345678', 'enabled'),
       ('Mr. Ali Bin Tahir', 'ali@biit.com', '12345678', 'enabled'),
       ('Dr. Sadaf', 'sadaf@biit.com', '12345678', 'enabled'),
       ('Mr. Nauman', 'nauman@biit.com', '12345678', 'enabled'),
       ('Mr. Umer', 'umer@biit.com', '12345678', 'enabled'),
       ('Ms. Tayyaba', 'tayyaba@biit.com', '12345678', 'enabled'),
       ('Ms. Sadia', 'sadia@biit.com', '12345678', 'enabled'),
       ('Mr. Shahid Rasheed', 'shahid.r@biit.com', '12345678', 'enabled'),
       ('Mr. Aftab', 'aftab@biit.com', '12345678', 'enabled'),
       ('Ms. Zahida', 'zahida@biit.com', '12345678', 'enabled'),
       ('Mr. Zahid', 'zahid@biit.com', '12345678', 'enabled'),
       ('Mr. Waseem', 'waseem@biit.com', '12345678', 'enabled'),
       ('Mr. Shahid Jamil', 'shahid.j@biit.com', '12345678', 'enabled'),
       ('Mr. Azeem', 'azeem@biit.com', '12345678', 'enabled'),
       ('Dr. Saeed', 'saeed@biit.com', '12345678', 'enabled'),
       ('Mr. Ihsan', 'ihsan@biit.com', '12345678', 'enabled'),
       ('Mr. Afrasiab', 'afrasiab@biit.com', '12345678', 'enabled'),
       ('Ms. Maria', 'maria@biit.com', '12345678', 'enabled'),
       ('Dr. Zeeshan', 'zeeshan@biit.com', '12345678', 'enabled'),
       ('Mr. M Khalid', 'khalid@biit.com', '12345678', 'enabled'),
       ('Ms. Ghousia', 'ghousia@biit.com', '12345678', 'enabled'),
       ('Mr. Adeel', 'adeel@biit.com', '12345678', 'enabled'),
	   ('Mr. Qasim', 'qasim@biit.com', '12345678', 'enabled');

-- Assigned_Course
INSERT INTO Assigned_Course (c_id, f_id, ROLE, s_id)
VALUES (1, 1, 'junior', 1),
	   (1, 2, 'junior', 1),
       (2, 3, 'junior', 1),
       (2, 4, 'junior', 1),
       (3, 5, 'junior', 1),
       (3, 6, 'junior', 1),
       (4, 7, 'junior', 1),
       (4, 8, 'junior', 1),
       (5, 9, 'junior', 1),
       (5, 10, 'junior', 1),
       (6, 11, 'junior', 1),
       (6, 12, 'junior', 1),
	   (7, 13, 'junior', 1),
       (7, 14, 'junior', 1),
       (8, 15, 'junior', 1),
       (8, 16, 'junior', 1),
       (9, 17, 'junior', 1),
       (9, 18, 'junior', 1),
       (10, 19, 'junior', 1),
       (10, 20, 'junior', 1),
	   (11, 1, 'junior', 1),
	   (11, 2, 'junior', 1),
       (12, 3, 'junior', 1),
       (12, 4, 'junior', 1),
       (13, 5, 'junior', 1),
       (13, 6, 'junior', 1),
       (14, 7, 'junior', 1),
       (14, 8, 'junior', 1),
       (15, 9, 'junior', 1),
       (15, 10, 'junior', 1),
       (16, 11, 'junior', 1),
       (16, 12, 'junior', 1),
	   (17, 13, 'junior', 1),
       (17, 14, 'junior', 1),
       (18, 15, 'junior', 1),
       (18, 16, 'junior', 1),
       (19, 17, 'junior', 1),
       (19, 18, 'junior', 1),
       (20, 19, 'junior', 1),
       (20, 20, 'junior', 1);

-- CLO
INSERT INTO CLO (clo_id, c_id, clo_number, clo_text, status) VALUES
       -- c_id = 1
       (1, 1, 'CLO-1', 'Dummy text 1', 'disapproved'),
       (2, 1, 'CLO-2', 'Dummy text 2', 'disapproved'),
       (3, 1, 'CLO-3', 'Dummy text 3', 'disapproved'),
       (4, 1, 'CLO-4', 'Dummy text 4', 'disapproved'),
       (5, 1, 'CLO-5', 'Dummy text 5', 'disapproved'),
       -- c_id = 2
       (6, 2, 'CLO-1', 'Dummy text 6', 'disapproved'),
       (7, 2, 'CLO-2', 'Dummy text 7', 'disapproved'),
       (8, 2, 'CLO-3', 'Dummy text 8', 'disapproved'),
       (9, 2, 'CLO-4', 'Dummy text 9', 'disapproved'),
       (10, 2, 'CLO-5', 'Dummy text 10', 'disapproved'),
       -- c_id = 3
       (11, 3, 'CLO-1', 'Dummy text 11', 'disapproved'),
       (12, 3, 'CLO-2', 'Dummy text 12', 'disapproved'),
       (13, 3, 'CLO-3', 'Dummy text 13', 'disapproved'),
       (14, 3, 'CLO-4', 'Dummy text 14', 'disapproved'),
       (15, 3, 'CLO-5', 'Dummy text 15', 'disapproved'),
        -- c_id = 4
       (16, 4, 'CLO-1', 'Dummy text 16', 'disapproved'),
       (17, 4, 'CLO-2', 'Dummy text 17', 'disapproved'),
       (18, 4, 'CLO-3', 'Dummy text 18', 'disapproved'),
       (19, 4, 'CLO-4', 'Dummy text 19', 'disapproved'),
       (20, 4, 'CLO-5', 'Dummy text 20', 'disapproved'),
       -- c_id = 5
       (21, 5, 'CLO-1', 'Dummy text 21', 'disapproved'),
       (22, 5, 'CLO-2', 'Dummy text 22', 'disapproved'),
       (23, 5, 'CLO-3', 'Dummy text 23', 'disapproved'),
       (24, 5, 'CLO-4', 'Dummy text 24', 'disapproved'),
       (25, 5, 'CLO-5', 'Dummy text 25', 'disapproved'),
       -- c_id = 6
       (26, 6, 'CLO-1', 'Dummy text 26', 'disapproved'),
       (27, 6, 'CLO-2', 'Dummy text 27', 'disapproved'),
       (28, 6, 'CLO-3', 'Dummy text 28', 'disapproved'),
       (29, 6, 'CLO-4', 'Dummy text 29', 'disapproved'),
       (30, 6, 'CLO-5', 'Dummy text 30', 'disapproved'),
       -- c_id = 7
       (31, 7, 'CLO-1', 'Dummy text 31', 'disapproved'),
       (32, 7, 'CLO-2', 'Dummy text 32', 'disapproved'),
       (33, 7, 'CLO-3', 'Dummy text 33', 'disapproved'),
       (34, 7, 'CLO-4', 'Dummy text 34', 'disapproved'),
       (35, 7, 'CLO-5', 'Dummy text 35', 'disapproved'),
       -- c_id = 8
       (36, 8, 'CLO-1', 'Dummy text 36', 'disapproved'),
       (37, 8, 'CLO-2', 'Dummy text 37', 'disapproved'),
       (38, 8, 'CLO-3', 'Dummy text 38', 'disapproved'),
       (39, 8, 'CLO-4', 'Dummy text 39', 'disapproved'),
       (40, 8, 'CLO-5', 'Dummy text 40', 'disapproved'),
       -- c_id = 9
       (41, 9, 'CLO-1', 'Dummy text 41', 'disapproved'),
       (42, 9, 'CLO-2', 'Dummy text 42', 'disapproved'),
       (43, 9, 'CLO-3', 'Dummy text 43', 'disapproved'),
       (44, 9, 'CLO-4', 'Dummy text 44', 'disapproved'),
       (45, 9, 'CLO-5', 'Dummy text 45', 'disapproved'),
       -- c_id = 10
       (46, 10, 'CLO-1', 'Dummy text 46', 'disapproved'),
       (47, 10, 'CLO-2', 'Dummy text 47', 'disapproved'),
       (48, 10, 'CLO-3', 'Dummy text 48', 'disapproved'),
       (49, 10, 'CLO-4', 'Dummy text 49', 'disapproved'),
       (50, 10, 'CLO-5', 'Dummy text 50', 'disapproved');

INSERT INTO Paper (duration, degree, t_marks, term, year, exam_date, semester, status, c_id, s_id) VALUES
		 (120, 'BSIT', 100, 'MID', 2023, '2024-01-01', 'Spring', 'pending', 1, 1),
		 (120, 'BSIT', 100, 'MID', 2023, '2024-01-01', 'Spring', 'approved', 1, 1),
		 (120, 'BSIT', 100, 'MID', 2023, '2024-01-02', 'Spring', 'pending', 2, 1),
		 (120, 'BSIT', 100, 'MID', 2023, '2024-01-02', 'Spring', 'approved', 2, 1),
		 (120, 'BSIT', 100, 'MID', 2023, '2024-01-03', 'Spring', 'pending', 3, 1),
		 (120, 'BSIT', 100, 'MID', 2023, '2024-01-03', 'Spring', 'approved', 3, 1),
		 (120, 'BSIT', 100, 'MID', 2023, '2024-01-04', 'Spring', 'pending', 4, 1),
		 (120, 'BSIT', 100, 'MID', 2023, '2024-01-04', 'Spring', 'approved', 4, 1),
		 (120, 'BSIT', 100, 'MID', 2023, '2024-01-05', 'Spring', 'pending', 5, 1),
		 (120, 'BSIT', 100, 'MID', 2023, '2024-01-05', 'Spring', 'approved', 5, 1),
		 (120, 'BSCS', 100, 'FINAL', 2023, '2024-01-06', 'Spring', 'pending', 6, 1),
		 (120, 'BSCS', 100, 'FINAL', 2023, '2024-01-06', 'Spring', 'approved', 6, 1),
		 (120, 'BSCS', 100, 'FINAL', 2023, '2024-01-07', 'Spring', 'pending', 7, 1),
		 (120, 'BSCS', 100, 'FINAL', 2023, '2024-01-07', 'Spring', 'approved', 7, 1),
		 (120, 'BSCS', 100, 'FINAL', 2023, '2024-01-08', 'Spring', 'pending', 8, 1),
		 (120, 'BSCS', 100, 'FINAL', 2023, '2024-01-08', 'Spring', 'approved', 8, 1),
		 (120, 'BSCS', 100, 'FINAL', 2023, '2024-01-09', 'Spring', 'pending', 9, 1),
		 (120, 'BSCS', 100, 'FINAL', 2023, '2024-01-09', 'Spring', 'approved', 9, 1),
		 (120, 'BSCS', 100, 'FINAL', 2023, '2024-01-10', 'Spring', 'pending', 10, 1),
		 (120, 'BSCS', 100, 'FINAL', 2023, '2024-01-10', 'Spring', 'approved', 10, 1);

INSERT INTO grid_view_headers (header_id, NAME, weightage) VALUES
		 (1, 'Assignment', 20),
		 (2, 'Quiz', 30),
		 (3, 'Mid Term', 20),
		 (4, 'Final Term', 30);

INSERT INTO feedback (feedback_details, p_id, c_id, q_id) VALUES
 		 ('Change Question # 01', 1, 1, NULL),
		 ('Change Question # 02', 2, 1, NULL),
         ('Change Question # 03', 3, 2, NULL),
		 ('Change Question # 04', 4, 2, NULL),
		 ('Change Question # 05', 5, 3, NULL),
		 ('Change Question # 06', 6, 3, NULL),
		 ('Change Question # 07', 7, 4, NULL),
		 ('Change Question # 08', 8, 4, NULL),
		 ('Change Question # 09', 9, 5, NULL),
		 ('Change Question # 10', 10, 5, NULL),
		 ('Change Question # 11', 11, 6, NULL),
		 ('Change Question # 12', 12, 6, NULL),
		 ('Change Question # 13', 13, 7, NULL),
		 ('Change Question # 14', 14, 7, NULL),
		 ('Change Question # 15', 15, 8, NULL),
		 ('Change Question # 16', 16, 8, NULL),
		 ('Change Question # 17', 17, 9, NULL),
		 ('Change Question # 18', 18, 9, NULL),
		 ('Change Question # 19', 19, 10, NULL),
		 ('Change Question # 20', 20, 10, NULL);

INSERT INTO question (q_text, q_image, q_marks, q_difficulty, q_status, t_id, p_id, f_id) VALUES
		 ('What is meant by Programming?', 1, 10, 'Easy', 'pending', NULL, 1, 1),
         ('What is meant by Programming?', 2, 15, 'Easy', 'pending', NULL, 1, 1),
         ('What is meant by Programming?', 3, 10, 'Medium', 'pending', NULL, 1, 1),
         ('What is meant by Programming?', 4, 15, 'Medium', 'pending', NULL, 1, 1),
         ('What is meant by Programming?', 5, 20, 'Hard', 'pending', NULL, 1, 1);

INSERT INTO topic (t_id, t_name, c_id, status) VALUES
         (1, 'Basic Structure of Programming', 1, 'enabled'),
         (2, 'Basic Structure of Programming', 1, 'enabled'),
         (3, 'Basic Structure of Programming', 1, 'enabled'),
         (4, 'Basic Structure of Programming', 1, 'enabled'),
         (5, 'Basic Structure of Programming', 1, 'enabled'),
         (6, 'Basic Structure of Programming', 1, 'enabled'),
         (7, 'Basic Structure of Programming', 1, 'enabled'),
         (8, 'Basic Structure of Programming', 1, 'enabled'),
         (9, 'Basic Structure of Programming', 1, 'enabled'),
         (10, 'Basic Structure of Programming', 1, 'enabled'),
         (11, 'Basic Functions of Programming', 2, 'enabled'),
         (12, 'Basic Functions of Programming', 2, 'enabled'),
         (13, 'Basic Functions of Programming', 2, 'enabled'),
         (14, 'Basic Functions of Programming', 2, 'enabled'),
         (15, 'Basic Functions of Programming', 2, 'enabled'),
         (16, 'Basic Functions of Programming', 2, 'enabled'),
         (17, 'Basic Functions of Programming', 2, 'enabled'),
         (18, 'Basic Functions of Programming', 2, 'enabled'),
         (19, 'Basic Functions of Programming', 2, 'enabled'),
         (20, 'Basic Functions of Programming', 2, 'enabled');

INSERT INTO subtopic (t_id, st_name) VALUES
         (1,'Subtopic 1 Topic 1'),
         (1,'Subtopic 2 Topic 1'),
         (1,'Subtopic 3 Topic 1'),
         (1,'Subtopic 4 Topic 1'),
         (1,'Subtopic 5 Topic 1'),
         (2,'Subtopic 1 Topic 2'),
         (2,'Subtopic 2 Topic 2'),
         (2,'Subtopic 3 Topic 2'),
         (2,'Subtopic 4 Topic 2'),
         (2,'Subtopic 5 Topic 2'),
         (3,'Subtopic 1 Topic 3'),
         (3,'Subtopic 2 Topic 3'),
         (3,'Subtopic 3 Topic 3'),
         (3,'Subtopic 4 Topic 3'),
         (3,'Subtopic 5 Topic 3'),
         (4,'Subtopic 1 Topic 4'),
         (4,'Subtopic 2 Topic 4'),
         (4,'Subtopic 3 Topic 4'),
         (4,'Subtopic 4 Topic 4'),
         (4,'Subtopic 5 Topic 4'),
         (5,'Subtopic 1 Topic 5'),
         (5,'Subtopic 2 Topic 5'),
         (5,'Subtopic 3 Topic 5'),
         (5,'Subtopic 4 Topic 5'),
         (5,'Subtopic 5 Topic 5');

INSERT INTO Topic_Taught (f_id, t_id, st_id) VALUES
         (1,1,NULL),
         (1,2,NULL),
         (1,3,NULL),
         (1,4,NULL),
         (1,5,NULL),
         (2,1,NULL),
         (2,2,NULL),
         (2,3,NULL),
         (25,1,NULL),
         (25,4,NULL),
         (1,11,NULL),
         (1,12,NULL),
         (1,13,NULL),
         (25,14,NULL),
         (25,15,NULL),
         (3,16,NULL),
         (3,17,NULL),
         (4,18,NULL),
         (4,19,NULL),
         (4,20,NULL);

INSERT INTO grid_view_weightage (clo_id, weightage1, weightage2, weightage3, weightage4) VALUES
         (1, 8, 4, 10, 0),
         (2, 5, 6, 5, 0),
         (3, 7, 8, 5, 8),
         (4, 0, 6, 0, 8),
         (5, 0, 6, 0, 14),
         (6, 8, 4, 10, 0),
         (7, 5, 6, 5, 0),
         (8, 7, 8, 5, 8),
         (9, 0, 6, 0, 8),
         (10, 0, 6, 0, 14),
         (11, 8, 4, 10, 0),
         (12, 5, 6, 5, 0),
         (13, 7, 8, 5, 8),
         (14, 0, 6, 0, 8),
         (15, 0, 6, 0, 14),
         (16, 8, 4, 10, 0),
         (17, 5, 6, 5, 0),
         (18, 7, 8, 5, 8),
         (19, 0, 6, 0, 8),
         (20, 0, 6, 0, 14),
         (21, 8, 4, 10, 0),
         (22, 5, 6, 5, 0),
         (23, 7, 8, 5, 8),
         (24, 0, 6, 0, 8),
         (25, 0, 6, 0, 14),
         (26, 8, 4, 10, 0),
         (27, 5, 6, 5, 0),
         (28, 7, 8, 5, 8),
         (29, 0, 6, 0, 8),
         (30, 0, 6, 0, 14),
         (31, 8, 4, 10, 0),
         (32, 5, 6, 5, 0),
         (33, 7, 8, 5, 8),
         (34, 0, 6, 0, 8),
         (35, 0, 6, 0, 14),
         (36, 8, 4, 10, 0),
         (37, 5, 6, 5, 0),
         (38, 7, 8, 5, 8),
         (39, 0, 6, 0, 8),
         (40, 0, 6, 0, 14),
         (41, 8, 4, 10, 0),
         (42, 5, 6, 5, 0),
         (43, 7, 8, 5, 8),
         (44, 0, 6, 0, 8),
         (45, 0, 6, 0, 14),
         (46, 8, 4, 10, 0),
         (47, 5, 6, 5, 0),
         (48, 7, 8, 5, 8),
         (49, 0, 6, 0, 8),
         (50, 0, 6, 0, 14);
